<?xml version="1.0" ?>
<LOG_ROOT>
	<PROJECT NAME="Tetris">
		<CBX_INST_ENTRY INSTANCE_NAME="|Tetris|lpm_divide:Mod2" CBX_FILE_NAME="lpm_divide_d8m.tdf"/>
		<CBX_INST_ENTRY INSTANCE_NAME="|Tetris|lpm_divide:Mod6" CBX_FILE_NAME="lpm_divide_c8m.tdf"/>
		<CBX_INST_ENTRY INSTANCE_NAME="|Tetris|lpm_divide:Mod1" CBX_FILE_NAME="lpm_divide_e8m.tdf"/>
		<CBX_INST_ENTRY INSTANCE_NAME="|Tetris|lpm_divide:Mod3" CBX_FILE_NAME="lpm_divide_e8m.tdf"/>
		<CBX_INST_ENTRY INSTANCE_NAME="|Tetris|lpm_divide:Mod5" CBX_FILE_NAME="lpm_divide_e8m.tdf"/>
		<CBX_INST_ENTRY INSTANCE_NAME="|Tetris|lpm_divide:Mod7" CBX_FILE_NAME="lpm_divide_0am.tdf"/>
		<CBX_INST_ENTRY INSTANCE_NAME="|Tetris|lpm_divide:Mod9" CBX_FILE_NAME="lpm_divide_e8m.tdf"/>
		<CBX_INST_ENTRY INSTANCE_NAME="|Tetris|lpm_divide:Mod0" CBX_FILE_NAME="lpm_divide_d8m.tdf"/>
		<CBX_INST_ENTRY INSTANCE_NAME="|Tetris|lpm_divide:Mod4" CBX_FILE_NAME="lpm_divide_d8m.tdf"/>
		<CBX_INST_ENTRY INSTANCE_NAME="|Tetris|lpm_divide:Mod8" CBX_FILE_NAME="lpm_divide_e8m.tdf"/>
	</PROJECT>
</LOG_ROOT>
